Tamaño,Descripción de la firmeza del artículo,Material del relleno,Marca,Dimensiones del producto,Largo,Ancho,Color,Rango de edad (descripción),Nombre del modelo,Tipo de construcción,Peso del producto,Peso,Plataforma,Precio,Fecha,url
Matrimonial,Medio,Memory foam,Luuna,"4,83L x 0,28W x 0,28Th Meters",190,135,Blanco,Adulto,Luuna Original,Espuma de la memoria,27 Kilogramos,27,Mercado libre," $ 8,000.00 ",15/5/2023,https://a.co/d/8vzma0z
Matrimonial,Alto,Memory foam,Luuna,"4,83L x 0,28W x 0,28Th Meters",190,135,Blanco,Adulto,Luuna Original,Espuma de la memoria,27 Kilogramos,27,Mercado libre," $ 8,000.00 ",27/5/2023,https://a.co/d/8vzma0z
Queen,Bajo,Memory foam,Luuna,190L x 150W x 28Th centimeters,190,150,Blanco,Adulto,Luuna Original,Espuma de la memoria,30 Kilogramos,30,Mercado libre," $ 11,500.00 ",10/5/2023,https://a.co/d/2owZqTq
Queen,Medio,Memory foam,Luuna,190L x 150W x 28Th centimeters,190,150,Blanco,Adulto,Luuna Original,Espuma de la memoria,30 Kilogramos,30,Mercado libre," $ 11,600.00 ",15/6/2023,https://a.co/d/2owZqTq
King,Alto,Memory foam,Luuna,200L × 190L x 28Th centimeters,190,200,Blanco,Adulto,Luuna Original,Espuma de la memoria,35,35,Mercado libre," $ 9,000.00 ",2/2/2023,https://a.co/d/3pspQJZ
King,Bajo,Memory foam,Luuna,200L × 190L x 28Th centimeters,190,200,Blanco,Adulto,Luuna Original,Espuma de la memoria,35,35,Mercado libre," $ 9,800.00 ",6/6/2023,https://a.co/d/3pspQJZ
King,Medio,Memory foam,Luuna,200L × 190L x 28Th centimeters,190,200,Blanco,Adulto,Luuna Original,Espuma de la memoria,35,35,Mercado libre," $ 9,800.00 ",18/6/2023,https://a.co/d/3pspQJZ
Individual,Alto,Memory foam,Luuna,"4,83L x 0,28W x 0,28Th Meters",190,100,Blanco,Adulto,Luuna Original,Espuma de la memoria,20 Kilogramos,20,Amazon," $ 7,200.00 ",4/4/2023,https://a.co/d/6QDch9A
Individual,Bajo,Memory foam,Luuna,"4,83L x 0,28W x 0,28Th Meters",190,100,Blanco,Adulto,Luuna Original,Espuma de la memoria,20 Kilogramos,20,Amazon," $ 7,200.00 ",29/3/2023,https://a.co/d/6QDch9A
Individual,Medio,Memory foam,Luuna,"4,83L x 0,28W x 0,28Th Meters",190,100,Blanco,Adulto,Luuna Original,Espuma de la memoria,20 Kilogramos,20,Amazon," $ 7,200.00 ",30/3/2023,https://a.co/d/6QDch9A
Individual,Alto,Memory foam,Luuna,"4,83L x 0,28W x 0,28Th Meters",190,100,Blanco,Adulto,Luuna Original,Espuma de la memoria,20 Kilogramos,20,Amazon," $ 7,600.00 ",6/6/2023,https://a.co/d/6QDch9A
Matrimonial,Bajo,Memory foam,Luuna,"4,83L x 0,28W x 0,28Th Meters",190,135,Blanco,Adulto,Luuna Original,Espuma de la memoria,27 Kilogramos,27,Amazon," $ 10,300.00 ",5/6/2023,https://a.co/d/8vzma0z
Queen,Medio,Memory foam,Luuna,190L x 150W x 28Th centimeters,190,150,Blanco,Adulto,Luuna Original,Espuma de la memoria,30 Kilogramos,30,Amazon," $ 9,100.00 ",6/4/2023,https://a.co/d/2owZqTq
California King,Alto,Memory foam,Luuna,184L x 213W x 24Th centimeters,213,183,Blanco,Adulto,Luuna Original,Espuma de la memoria,41,41,Amazon," $ 19,000.00 ",1/2/2023,https://a.co/d/eThizpg
King,Bajo,Memory foam,Luuna,200L × 190L x 28Th centimeters,190,200,Blanco,Adulto,Luuna Original,Espuma de la memoria,,,Amazon," $ 12,127.00 ",23/4/2023,https://a.co/d/3pspQJZ
Matrimonial,Medio,Memory foam,Luuna,"4,83L x 0,28W x 0,28Th Meters",190,135,Blanco,Adulto,Luuna Original,Espuma de la memoria,27 Kilogramos,27,Amazon," $ 10,188.00 ",6/3/2023,https://a.co/d/8vzma0z
Matrimonial,Alto,Memory foam,Luuna,"4,83L x 0,28W x 0,28Th Meters",190,135,Blanco,Adulto,Luuna Original,Espuma de la memoria,27 Kilogramos,27,Amazon," $ 10,300.00 ",18/5/2023,https://a.co/d/8vzma0z
Individual,Bajo,Memory foam,Luuna,"4,83L x 0,28W x 0,28Th Meters",190,100,Blanco,Adulto,Luuna Original,Espuma de la memoria,20 Kilogramos,20,Amazon," $ 7,600.00 ",16/6/2023,https://a.co/d/6QDch9A
Matrimonial,Medio,Memory foam,Luuna,"4,83L x 0,28W x 0,28Th Meters",190,135,Blanco,Adulto,Luuna Original,Espuma de la memoria,27 Kilogramos,27,Amazon," $ 10,300.00 ",8/5/2023,https://a.co/d/8vzma0z
Queen,Alto,Memory foam,Luuna,190L x 150W x 28Th centimeters,190,150,Blanco,Adulto,Luuna Original,Espuma de la memoria,30 Kilogramos,30,Amazon," $ 9,271.00 ",29/6/2023,https://a.co/d/2owZqTq
California King,Bajo,Memory foam,Luuna,184L x 213W x 24Th centimeters,213,183,Blanco,Adulto,Luuna Original,Espuma de la memoria,41,41,Liverpool," $ 18,000.00 ",4/3/2023,https://a.co/d/eThizpg
King,Medio,Memory foam,Luuna,200L × 190L x 28Th centimeters,190,200,Blanco,Adulto,Luuna Original,Espuma de la memoria,35,35,Liverpool," $ 16,000.00 ",10/5/2023,https://a.co/d/3pspQJZ
King,Alto,Memory foam,Luuna,200L × 190L x 28Th centimeters,190,200,Blanco,Adulto,Luuna Original,Espuma de la memoria,35,35,Liverpool," $ 15,000.00 ",1/1/2023,https://a.co/d/3pspQJZ
King,Bajo,Memory foam,Luuna,200L × 190L x 28Th centimeters,190,200,Blanco,Adulto,Luuna Original,Espuma de la memoria,35,35,Liverpool," $ 15,700.00 ",3/4/2023,https://a.co/d/3pspQJZ
King,Medio,Memory foam,Luuna,200L × 190L x 28Th centimeters,190,200,Blanco,Adulto,Luuna Original,Espuma de la memoria,35,35,Liverpool," $ 16,000.00 ",10/5/2023,https://a.co/d/3pspQJZ
King,Alto,Memory foam,Luuna,200L × 190L x 28Th centimeters,190,200,Blanco,Adulto,Luuna Original,Espuma de la memoria,35,35,Liverpool," $ 16,000.00 ",10/5/2023,https://a.co/d/3pspQJZ
Individual,Bajo,Memory foam,Luuna,"4,83L x 0,28W x 0,28Th Meters",190,100,Blanco,Adulto,Luuna Original,Espuma de la memoria,20 Kilogramos,20,Liverpool," $ 8,500.00 ",10/5/2023,https://a.co/d/6QDch9A
Individual,Medio,Memory foam,Luuna,"4,83L x 0,28W x 0,28Th Meters",190,100,Blanco,Adulto,Luuna Original,Espuma de la memoria,20 Kilogramos,20,Liverpool," $ 8,500.00 ",17/6/2023,https://a.co/d/6QDch9A
Matrimonial,Alto,Memory foam,Luuna,"4,83L x 0,28W x 0,28Th Meters",190,135,Blanco,Adulto,Luuna Original,Espuma de la memoria,27 Kilogramos,27,Liverpool," $ 11,000.00 ",10/5/2023,https://a.co/d/8vzma0z
Individual,Bajo,Memory foam,Luuna,"4,83L x 0,28W x 0,28Th Meters",190,100,Blanco,Adulto,Luuna Original,Espuma de la memoria,35,35,Liverpool," $ 8,000.00 ",15/4/2023,https://a.co/d/6QDch9A
Matrimonial,Medio,Memory foam,Luuna,"4,83L x 0,28W x 0,28Th Meters",190,135,Blanco,Adulto,Luuna Original,Espuma de la memoria,27 Kilogramos,27,Liverpool," $ 10,200.00 ",13/3/2023,https://a.co/d/8vzma0z
Queen,Alto,Memory foam,Luuna,190L x 150W x 28Th centimeters,190,150,Blanco,Adulto,Luuna Original,Espuma de la memoria,30 Kilogramos,30,Liverpool," $ 11,900.00 ",10/5/2023,https://a.co/d/2owZqTq
California King,Bajo,Memory foam,Luuna,184L x 213W x 24Th centimeters,213,183,Blanco,Adulto,Luuna Original,Espuma de la memoria,41000 Kilogramos,41,Liverpool," $ 18,420.00 ",12/4/2023,https://a.co/d/eThizpg
King,Medio,Memory foam,Luuna,200L × 190L x 28Th centimeters,190,200,Blanco,Adulto,Luuna Original,Espuma de la memoria,35,35,Liverpool," $ 16,000.00 ",18/5/2023,https://a.co/d/3pspQJZ
Matrimonial,Alto,Memory foam,Luuna,"4,83L x 0,28W x 0,28Th Meters",190,135,Blanco,Adulto,Luuna Original,Espuma de la memoria,27 Kilogramos,27,Liverpool," $ 10,000.00 ",28/2/2023,https://a.co/d/8vzma0z
Matrimonial,Bajo,Memory foam,Luuna,"4,83L x 0,28W x 0,28Th Meters",190,135,Blanco,Adulto,Luuna Original,Espuma de la memoria,27 Kilogramos,27,Liverpool," $ 10,000.00 ",3/1/2023,https://a.co/d/8vzma0z